run_id,family,training_seed,epochs_executed,selected_epoch_one_based,condition,noise_seed,accuracy,macro_f1
cnn_clean_s0,cnn_clean,0,30,24,clean,,0.2453125,0.20697500694639698
cnn_clean_s0,cnn_clean,0,30,24,30,10,0.2440625,0.20544660178040858
cnn_clean_s0,cnn_clean,0,30,24,20,10,0.2428125,0.20592118569443904
cnn_clean_s0,cnn_clean,0,30,24,10,10,0.2196875,0.18344234584101768
cnn_clean_s1,cnn_clean,1,30,25,clean,,0.2384375,0.19648059456217268
cnn_clean_s1,cnn_clean,1,30,25,30,10,0.23875,0.19688201806839284
cnn_clean_s1,cnn_clean,1,30,25,20,10,0.2365625,0.1950860690628974
cnn_clean_s1,cnn_clean,1,30,25,10,10,0.2309375,0.188172230048229
cnn_clean_s2,cnn_clean,2,30,28,clean,,0.27625,0.25120019234263763
cnn_clean_s2,cnn_clean,2,30,28,30,10,0.2771875,0.2519493721493574
cnn_clean_s2,cnn_clean,2,30,28,20,10,0.2775,0.2539289544556685
cnn_clean_s2,cnn_clean,2,30,28,10,10,0.2659375,0.23945245139955262
resnet_clean_s0,resnet_clean,0,16,8,clean,,0.2846875,0.2677767500796323
resnet_clean_s0,resnet_clean,0,16,8,30,10,0.2834375,0.26726063106779313
resnet_clean_s0,resnet_clean,0,16,8,20,10,0.27625,0.26036745860232624
resnet_clean_s0,resnet_clean,0,16,8,10,10,0.2303125,0.21727757799457414
resnet_clean_s1,resnet_clean,1,9,1,clean,,0.115625,0.08228764926369547
resnet_clean_s1,resnet_clean,1,9,1,30,10,0.1153125,0.08175184448677485
resnet_clean_s1,resnet_clean,1,9,1,20,10,0.115,0.0812671846918385
resnet_clean_s1,resnet_clean,1,9,1,10,10,0.111875,0.07681615141147309
resnet_clean_s2,resnet_clean,2,13,5,clean,,0.285,0.26074672966986795
resnet_clean_s2,resnet_clean,2,13,5,30,10,0.28625,0.2630366247720889
resnet_clean_s2,resnet_clean,2,13,5,20,10,0.2828125,0.259524095422314
resnet_clean_s2,resnet_clean,2,13,5,10,10,0.254375,0.2396366494793757
resnet_aug_s0,resnet_aug,0,9,1,clean,,0.1353125,0.10523281035587564
resnet_aug_s0,resnet_aug,0,9,1,30,10,0.1353125,0.10512611774242545
resnet_aug_s0,resnet_aug,0,9,1,20,10,0.135625,0.10468462721305441
resnet_aug_s0,resnet_aug,0,9,1,10,10,0.1375,0.10742851058807021
resnet_aug_s1,resnet_aug,1,10,2,clean,,0.0846875,0.05519384849518481
resnet_aug_s1,resnet_aug,1,10,2,30,10,0.0846875,0.05519109105273283
resnet_aug_s1,resnet_aug,1,10,2,20,10,0.08375,0.05458539602802935
resnet_aug_s1,resnet_aug,1,10,2,10,10,0.081875,0.05264815069420736
resnet_aug_s2,resnet_aug,2,21,13,clean,,0.2353125,0.21684641038945401
resnet_aug_s2,resnet_aug,2,21,13,30,10,0.2365625,0.21781567870417168
resnet_aug_s2,resnet_aug,2,21,13,20,10,0.2315625,0.21442328432857943
resnet_aug_s2,resnet_aug,2,21,13,10,10,0.2228125,0.20781319964571593
