seed,split,variant,group_id,sample_count,accuracy,macro_f1
0,train,baseline,1,8000,0.828,0.8264343598351385
0,train,baseline,2,8000,0.86275,0.8617773375769244
0,train,baseline,5,1600,0.826875,0.826585304182047
0,train,baseline,6,1600,0.826875,0.8264419277054742
0,train,baseline,7,1600,0.845,0.8453173200533811
0,train,baseline,8,1600,0.82,0.8199393802349609
0,train,baseline,10,1600,0.825,0.8245986096233813
0,train,recalibrated,1,8000,0.667875,0.6653853481829988
0,train,recalibrated,2,8000,0.602625,0.5960282464926994
0,train,recalibrated,5,1600,0.71,0.7093429962043034
0,train,recalibrated,6,1600,0.705625,0.7035613358148067
0,train,recalibrated,7,1600,0.7275,0.7267366736624502
0,train,recalibrated,8,1600,0.70125,0.700397413336944
0,train,recalibrated,10,1600,0.698125,0.6957702637957588
0,validation,baseline,3,1600,0.7,0.7013172930298281
0,validation,baseline,11,1600,0.705,0.7054520357318723
0,validation,recalibrated,3,1600,0.60625,0.6051361149481052
0,validation,recalibrated,11,1600,0.63,0.6282801197545684
1,train,baseline,1,8000,0.23625,0.2086482402093671
1,train,baseline,2,8000,0.24625,0.21087391403737615
1,train,baseline,5,1600,0.929375,0.9290665855154714
1,train,baseline,6,1600,0.924375,0.9241772188130533
1,train,baseline,7,1600,0.930625,0.9307761423562763
1,train,baseline,8,1600,0.9275,0.9275339392770459
1,train,baseline,10,1600,0.933125,0.9326551030008592
1,train,recalibrated,1,8000,0.206625,0.1699268302854587
1,train,recalibrated,2,8000,0.211875,0.17452319238826353
1,train,recalibrated,5,1600,0.76875,0.7683588662735892
1,train,recalibrated,6,1600,0.75125,0.7499186896340293
1,train,recalibrated,7,1600,0.74875,0.747493180853158
1,train,recalibrated,8,1600,0.7625,0.761423505585686
1,train,recalibrated,10,1600,0.750625,0.7488874329173016
1,validation,baseline,3,1600,0.82125,0.8210123907472028
1,validation,baseline,11,1600,0.8175,0.8175200985928642
1,validation,recalibrated,3,1600,0.679375,0.677591767367112
1,validation,recalibrated,11,1600,0.676875,0.6760437174403705
2,train,baseline,1,8000,0.4585,0.44103856348760617
2,train,baseline,2,8000,0.438125,0.419245131022736
2,train,baseline,5,1600,0.714375,0.7154142372130547
2,train,baseline,6,1600,0.72,0.7199154056551053
2,train,baseline,7,1600,0.725,0.7240796321408722
2,train,baseline,8,1600,0.738125,0.7382929398521105
2,train,baseline,10,1600,0.745625,0.7465191257824944
2,train,recalibrated,1,8000,0.23625,0.19381074011143137
2,train,recalibrated,2,8000,0.211625,0.17564687754745043
2,train,recalibrated,5,1600,0.488125,0.49206104226416275
2,train,recalibrated,6,1600,0.511875,0.5086678429395739
2,train,recalibrated,7,1600,0.505625,0.5054053632664133
2,train,recalibrated,8,1600,0.52,0.5183206847786599
2,train,recalibrated,10,1600,0.515,0.5160054952996587
2,validation,baseline,3,1600,0.6475,0.6485686540746727
2,validation,baseline,11,1600,0.6475,0.6475315421597648
2,validation,recalibrated,3,1600,0.484375,0.48506327260514565
2,validation,recalibrated,11,1600,0.475,0.4751367760038788
