seed,split,variant,accuracy,macro_f1
0,train,baseline,0.8398333333333333,0.8394159639371281
0,train,recalibrated,0.6596666666666666,0.6574206850914591
0,validation,baseline,0.7025,0.703465378259878
0,validation,recalibrated,0.618125,0.6168540646768573
1,train,baseline,0.4705,0.4695095670177656
1,train,recalibrated,0.391625,0.39199723445279566
1,validation,baseline,0.819375,0.8192268691785826
1,validation,recalibrated,0.678125,0.6767325124803757
2,train,baseline,0.54175,0.5353839187993126
2,train,recalibrated,0.31866666666666665,0.3139267267567594
2,validation,baseline,0.6475,0.6481346553767209
2,validation,recalibrated,0.4796875,0.4801996138707484
