seed,split,variant,class_index,precision,recall,f1-score,support
0,train,baseline,0,0.9966749792186201,0.9991666666666666,0.997919267582189,1200.0
0,train,baseline,1,0.9157254561251086,0.8783333333333333,0.8966397277754147,1200.0
0,train,baseline,2,0.8277777777777777,0.8691666666666666,0.8479674796747968,1200.0
0,train,baseline,3,0.8383838383838383,0.83,0.8341708542713567,1200.0
0,train,baseline,4,0.8295638126009693,0.8558333333333333,0.8424938474159147,1200.0
0,train,baseline,5,0.9002770083102493,0.8125,0.8541392904073587,1200.0
0,train,baseline,6,0.7973856209150327,0.8133333333333334,0.8052805280528053,1200.0
0,train,baseline,7,0.8462882096069869,0.8075,0.8264392324093817,1200.0
0,train,baseline,8,0.8224121557454891,0.7216666666666667,0.7687527740790058,1200.0
0,train,baseline,9,0.76103500761035,0.8333333333333334,0.7955449482895783,1200.0
0,train,baseline,10,0.7842227378190255,0.845,0.8134777376654633,1200.0
0,train,baseline,11,0.7582755966127791,0.8208333333333333,0.7883153261304522,1200.0
0,train,baseline,12,0.7835455435847208,0.6666666666666666,0.720396217919856,1200.0
0,train,baseline,13,0.7771236333052985,0.77,0.7735454164922562,1200.0
0,train,baseline,14,0.753391859537111,0.7866666666666666,0.7696697920913168,1200.0
0,train,baseline,15,0.7855960264900662,0.7908333333333334,0.7882059800664452,1200.0
0,train,baseline,16,0.8990748528174937,0.8908333333333334,0.8949351192967769,1200.0
0,train,baseline,17,0.8604282315622522,0.9041666666666667,0.8817553839902479,1200.0
0,train,baseline,18,0.9500396510705789,0.9983333333333333,0.9735879723689557,1200.0
0,train,baseline,19,0.9280205655526992,0.9025,0.9150823827629911,1200.0
0,train,recalibrated,0,0.957667731629393,0.9991666666666666,0.9779771615008157,1200.0
0,train,recalibrated,1,0.6459580838323353,0.7191666666666666,0.6805993690851735,1200.0
0,train,recalibrated,2,0.5669755686604886,0.5608333333333333,0.5638877251780477,1200.0
0,train,recalibrated,3,0.5299479166666666,0.6783333333333333,0.5950292397660819,1200.0
0,train,recalibrated,4,0.47102212855637515,0.745,0.5771465461588121,1200.0
0,train,recalibrated,5,0.663820704375667,0.5183333333333333,0.5821244735610669,1200.0
0,train,recalibrated,6,0.7367724867724867,0.46416666666666667,0.5695296523517382,1200.0
0,train,recalibrated,7,0.7273838630806846,0.49583333333333335,0.5896927651139743,1200.0
0,train,recalibrated,8,0.5496915695681974,0.6683333333333333,0.6032342986084994,1200.0
0,train,recalibrated,9,0.6649746192893401,0.5458333333333333,0.5995423340961098,1200.0
0,train,recalibrated,10,0.6496,0.6766666666666666,0.6628571428571428,1200.0
0,train,recalibrated,11,0.5195822454308094,0.6633333333333333,0.582723279648609,1200.0
0,train,recalibrated,12,0.5670419651995906,0.46166666666666667,0.5089572806614607,1200.0
0,train,recalibrated,13,0.7293318233295584,0.5366666666666666,0.6183389342294767,1200.0
0,train,recalibrated,14,0.6441666666666667,0.6441666666666667,0.6441666666666667,1200.0
0,train,recalibrated,15,0.6766990291262136,0.5808333333333333,0.6251121076233184,1200.0
0,train,recalibrated,16,0.7609841827768014,0.7216666666666667,0.7408041060735672,1200.0
0,train,recalibrated,17,0.7122362869198312,0.7033333333333334,0.7077568134171908,1200.0
0,train,recalibrated,18,0.8128813559322033,0.9991666666666666,0.8964485981308411,1200.0
0,train,recalibrated,19,0.8344768439108061,0.8108333333333333,0.8224852071005917,1200.0
0,validation,baseline,0,0.968944099378882,0.975,0.9719626168224299,160.0
0,validation,baseline,1,0.6896551724137931,0.75,0.718562874251497,160.0
0,validation,baseline,2,0.726027397260274,0.6625,0.6928104575163399,160.0
0,validation,baseline,3,0.7253521126760564,0.64375,0.6821192052980133,160.0
0,validation,baseline,4,0.5763546798029556,0.73125,0.6446280991735537,160.0
0,validation,baseline,5,0.8625954198473282,0.70625,0.7766323024054983,160.0
0,validation,baseline,6,0.7175572519083969,0.5875,0.6460481099656358,160.0
0,validation,baseline,7,0.6058823529411764,0.64375,0.6242424242424243,160.0
0,validation,baseline,8,0.6621621621621622,0.6125,0.6363636363636364,160.0
0,validation,baseline,9,0.5977011494252874,0.65,0.6227544910179641,160.0
0,validation,baseline,10,0.5965909090909091,0.65625,0.625,160.0
0,validation,baseline,11,0.6666666666666666,0.625,0.6451612903225806,160.0
0,validation,baseline,12,0.6287425149700598,0.65625,0.6422018348623854,160.0
0,validation,baseline,13,0.6774193548387096,0.65625,0.6666666666666666,160.0
0,validation,baseline,14,0.5324074074074074,0.71875,0.6117021276595744,160.0
0,validation,baseline,15,0.7028985507246377,0.60625,0.6510067114093959,160.0
0,validation,baseline,16,0.8636363636363636,0.7125,0.7808219178082192,160.0
0,validation,baseline,17,0.7763975155279503,0.78125,0.778816199376947,160.0
0,validation,baseline,18,0.8333333333333334,0.96875,0.8959537572254336,160.0
0,validation,baseline,19,0.8129496402877698,0.70625,0.7558528428093646,160.0
0,validation,recalibrated,0,0.9345238095238095,0.98125,0.9573170731707317,160.0
0,validation,recalibrated,1,0.583756345177665,0.71875,0.6442577030812325,160.0
0,validation,recalibrated,2,0.5317919075144508,0.575,0.5525525525525525,160.0
0,validation,recalibrated,3,0.5912408759124088,0.50625,0.5454545454545454,160.0
0,validation,recalibrated,4,0.49,0.6125,0.5444444444444444,160.0
0,validation,recalibrated,5,0.8278688524590164,0.63125,0.7163120567375887,160.0
0,validation,recalibrated,6,0.6153846153846154,0.6,0.6075949367088608,160.0
0,validation,recalibrated,7,0.5671641791044776,0.475,0.5170068027210885,160.0
0,validation,recalibrated,8,0.6216216216216216,0.43125,0.5092250922509225,160.0
0,validation,recalibrated,9,0.5806451612903226,0.45,0.5070422535211268,160.0
0,validation,recalibrated,10,0.47478991596638653,0.70625,0.5678391959798995,160.0
0,validation,recalibrated,11,0.5308641975308642,0.5375,0.5341614906832298,160.0
0,validation,recalibrated,12,0.5083798882681564,0.56875,0.5368731563421829,160.0
0,validation,recalibrated,13,0.7264957264957265,0.53125,0.6137184115523465,160.0
0,validation,recalibrated,14,0.5472636815920398,0.6875,0.6094182825484764,160.0
0,validation,recalibrated,15,0.6308724832214765,0.5875,0.6084142394822006,160.0
0,validation,recalibrated,16,0.8773584905660378,0.58125,0.6992481203007519,160.0
0,validation,recalibrated,17,0.6875,0.61875,0.6513157894736842,160.0
0,validation,recalibrated,18,0.5793357933579336,0.98125,0.728538283062645,160.0
0,validation,recalibrated,19,0.8378378378378378,0.58125,0.6863468634686347,160.0
1,train,baseline,0,0.4323922734026746,0.97,0.5981500513874615,1200.0
1,train,baseline,1,0.5286195286195287,0.3925,0.45050215208034433,1200.0
1,train,baseline,2,0.5155440414507773,0.33166666666666667,0.40365111561866124,1200.0
1,train,baseline,3,0.2732631578947368,0.5408333333333334,0.3630769230769231,1200.0
1,train,baseline,4,0.26995202791103357,0.5158333333333334,0.3544231319782422,1200.0
1,train,baseline,5,0.6519607843137255,0.3325,0.44039735099337746,1200.0
1,train,baseline,6,0.8065268065268065,0.28833333333333333,0.42480049109883367,1200.0
1,train,baseline,7,0.6825688073394496,0.31,0.42636103151862464,1200.0
1,train,baseline,8,0.3258620689655172,0.4725,0.38571428571428573,1200.0
1,train,baseline,9,0.6409836065573771,0.3258333333333333,0.4320441988950276,1200.0
1,train,baseline,10,0.39541984732824426,0.43166666666666664,0.4127490039840637,1200.0
1,train,baseline,11,0.3198976327575176,0.4166666666666667,0.3619254433586681,1200.0
1,train,baseline,12,0.44668008048289737,0.37,0.4047402005469462,1200.0
1,train,baseline,13,0.38059071729957805,0.37583333333333335,0.37819706498951783,1200.0
1,train,baseline,14,0.5834411384217335,0.37583333333333335,0.45717181956411557,1200.0
1,train,baseline,15,0.697560975609756,0.3575,0.4727272727272727,1200.0
1,train,baseline,16,0.6008658008658009,0.5783333333333334,0.589384288747346,1200.0
1,train,baseline,17,0.5077821011673151,0.435,0.46858168761220825,1200.0
1,train,baseline,18,0.8941088739746458,0.9991666666666666,0.9437229437229437,1200.0
1,train,baseline,19,0.6573816155988857,0.59,0.621870882740448,1200.0
1,train,recalibrated,0,0.39286893364146586,0.9916666666666667,0.5627807992433199,1200.0
1,train,recalibrated,1,0.24708171206225682,0.3175,0.2778993435448578,1200.0
1,train,recalibrated,2,0.6378986866791745,0.2833333333333333,0.39238315060588574,1200.0
1,train,recalibrated,3,0.31297709923664124,0.3416666666666667,0.32669322709163345,1200.0
1,train,recalibrated,4,0.22270114942528735,0.3875,0.28284671532846717,1200.0
1,train,recalibrated,5,0.4885386819484241,0.2841666666666667,0.35932560590094836,1200.0
1,train,recalibrated,6,0.7123287671232876,0.21666666666666667,0.33226837060702874,1200.0
1,train,recalibrated,7,0.5550314465408805,0.2941666666666667,0.38453159041394336,1200.0
1,train,recalibrated,8,0.3395585738539898,0.3333333333333333,0.33641715727502103,1200.0
1,train,recalibrated,9,0.4735202492211838,0.25333333333333335,0.3300760043431053,1200.0
1,train,recalibrated,10,0.2188284518828452,0.43583333333333335,0.2913649025069638,1200.0
1,train,recalibrated,11,0.15210176991150443,0.4583333333333333,0.22840531561461794,1200.0
1,train,recalibrated,12,0.5826972010178118,0.19083333333333333,0.28750784682988073,1200.0
1,train,recalibrated,13,0.5035971223021583,0.23333333333333334,0.31890660592255127,1200.0
1,train,recalibrated,14,0.4859437751004016,0.3025,0.3728813559322034,1200.0
1,train,recalibrated,15,0.5093945720250522,0.20333333333333334,0.29064919594997024,1200.0
1,train,recalibrated,16,0.6629213483146067,0.3933333333333333,0.49372384937238495,1200.0
1,train,recalibrated,17,0.5574007220216607,0.6433333333333333,0.5972920696324951,1200.0
1,train,recalibrated,18,0.9566265060240964,0.9925,0.9742331288343559,1200.0
1,train,recalibrated,19,0.7258771929824561,0.2758333333333333,0.3997584541062802,1200.0
1,validation,baseline,0,1.0,0.9875,0.9937106918238994,160.0
1,validation,baseline,1,0.9084507042253521,0.80625,0.8543046357615894,160.0
1,validation,baseline,2,0.8287671232876712,0.75625,0.7908496732026143,160.0
1,validation,baseline,3,0.7770700636942676,0.7625,0.7697160883280757,160.0
1,validation,baseline,4,0.7210526315789474,0.85625,0.7828571428571428,160.0
1,validation,baseline,5,0.8611111111111112,0.775,0.8157894736842105,160.0
1,validation,baseline,6,0.8145161290322581,0.63125,0.7112676056338029,160.0
1,validation,baseline,7,0.7071823204419889,0.8,0.750733137829912,160.0
1,validation,baseline,8,0.7371428571428571,0.80625,0.7701492537313432,160.0
1,validation,baseline,9,0.7804878048780488,0.8,0.7901234567901234,160.0
1,validation,baseline,10,0.7935483870967742,0.76875,0.780952380952381,160.0
1,validation,baseline,11,0.7267441860465116,0.78125,0.7530120481927711,160.0
1,validation,baseline,12,0.7619047619047619,0.8,0.7804878048780488,160.0
1,validation,baseline,13,0.821917808219178,0.75,0.7843137254901961,160.0
1,validation,baseline,14,0.782608695652174,0.7875,0.7850467289719626,160.0
1,validation,baseline,15,0.8012820512820513,0.78125,0.7911392405063291,160.0
1,validation,baseline,16,0.8192090395480226,0.90625,0.8605341246290801,160.0
1,validation,baseline,17,0.9112426035502958,0.9625,0.9361702127659575,160.0
1,validation,baseline,18,0.9746835443037974,0.9625,0.9685534591194969,160.0
1,validation,baseline,19,0.9235668789808917,0.90625,0.9148264984227129,160.0
1,validation,recalibrated,0,1.0,0.98125,0.9905362776025236,160.0
1,validation,recalibrated,1,0.9292929292929293,0.575,0.7104247104247104,160.0
1,validation,recalibrated,2,0.6628571428571428,0.725,0.6925373134328359,160.0
1,validation,recalibrated,3,0.7251908396946565,0.59375,0.6529209621993127,160.0
1,validation,recalibrated,4,0.6385542168674698,0.6625,0.6503067484662577,160.0
1,validation,recalibrated,5,0.7279411764705882,0.61875,0.668918918918919,160.0
1,validation,recalibrated,6,0.6717557251908397,0.55,0.6048109965635738,160.0
1,validation,recalibrated,7,0.5792079207920792,0.73125,0.6464088397790055,160.0
1,validation,recalibrated,8,0.6285714285714286,0.6875,0.6567164179104478,160.0
1,validation,recalibrated,9,0.6445783132530121,0.66875,0.656441717791411,160.0
1,validation,recalibrated,10,0.5454545454545454,0.525,0.535031847133758,160.0
1,validation,recalibrated,11,0.5215311004784688,0.68125,0.5907859078590786,160.0
1,validation,recalibrated,12,0.6371681415929203,0.45,0.5274725274725275,160.0
1,validation,recalibrated,13,0.5968992248062015,0.48125,0.532871972318339,160.0
1,validation,recalibrated,14,0.4849624060150376,0.80625,0.6056338028169014,160.0
1,validation,recalibrated,15,0.6942148760330579,0.525,0.597864768683274,160.0
1,validation,recalibrated,16,0.6601941747572816,0.85,0.7431693989071039,160.0
1,validation,recalibrated,17,0.7254901960784313,0.925,0.8131868131868132,160.0
1,validation,recalibrated,18,0.9681528662420382,0.95,0.9589905362776026,160.0
1,validation,recalibrated,19,0.8932038834951457,0.575,0.6996197718631179,160.0
2,train,baseline,0,0.9423701298701299,0.9675,0.9547697368421053,1200.0
2,train,baseline,1,0.45034519383961763,0.7066666666666667,0.5501135257865715,1200.0
2,train,baseline,2,0.5334207077326344,0.33916666666666667,0.41467142129393786,1200.0
2,train,baseline,3,0.4181536074476338,0.44916666666666666,0.433105664925673,1200.0
2,train,baseline,4,0.36145284124194493,0.5141666666666667,0.4244926040591675,1200.0
2,train,baseline,5,0.41500399042298486,0.43333333333333335,0.4239706481858948,1200.0
2,train,baseline,6,0.5080645161290323,0.315,0.3888888888888889,1200.0
2,train,baseline,7,0.44632086851628466,0.30833333333333335,0.36471168063085263,1200.0
2,train,baseline,8,0.37002881844380403,0.535,0.4374787052810903,1200.0
2,train,baseline,9,0.6355311355311355,0.2891666666666667,0.3974799541809851,1200.0
2,train,baseline,10,0.48065348237317285,0.4658333333333333,0.4731273804485823,1200.0
2,train,baseline,11,0.4253687315634218,0.6008333333333333,0.4981001727115717,1200.0
2,train,baseline,12,0.4263959390862944,0.28,0.3380281690140845,1200.0
2,train,baseline,13,0.48639825897714906,0.3725,0.42189712128362433,1200.0
2,train,baseline,14,0.44218942189421895,0.5991666666666666,0.5088464260438783,1200.0
2,train,baseline,15,0.5711135611907387,0.43166666666666664,0.49169435215946844,1200.0
2,train,baseline,16,0.580370942812983,0.6258333333333334,0.6022453889334403,1200.0
2,train,baseline,17,0.7465564738292011,0.6775,0.7103538663171691,1200.0
2,train,baseline,18,0.994142259414226,0.99,0.9920668058455114,1200.0
2,train,baseline,19,0.8346984363365599,0.9341666666666667,0.8816358631537554,1200.0
2,train,recalibrated,0,0.6002258610954263,0.8858333333333334,0.7155839784584315,1200.0
2,train,recalibrated,1,0.2111337406653089,0.25916666666666666,0.23269734380845492,1200.0
2,train,recalibrated,2,0.5633187772925764,0.1075,0.18054583624912526,1200.0
2,train,recalibrated,3,0.19012605042016806,0.15083333333333335,0.16821561338289961,1200.0
2,train,recalibrated,4,0.128451099672438,0.4575,0.20058458165875045,1200.0
2,train,recalibrated,5,0.26394849785407726,0.205,0.23076923076923078,1200.0
2,train,recalibrated,6,0.3922077922077922,0.12583333333333332,0.19053627760252365,1200.0
2,train,recalibrated,7,0.2605042016806723,0.12916666666666668,0.17270194986072424,1200.0
2,train,recalibrated,8,0.1821207798383262,0.31916666666666665,0.23191038449894036,1200.0
2,train,recalibrated,9,0.44421487603305787,0.17916666666666667,0.25534441805225655,1200.0
2,train,recalibrated,10,0.22911694510739858,0.16,0.18842001962708538,1200.0
2,train,recalibrated,11,0.133140756302521,0.4225,0.20247603833865815,1200.0
2,train,recalibrated,12,0.37261146496815284,0.0975,0.154557463672391,1200.0
2,train,recalibrated,13,0.24500907441016334,0.1125,0.15419760137064534,1200.0
2,train,recalibrated,14,0.30605738575983,0.24,0.2690331620737973,1200.0
2,train,recalibrated,15,0.5025641025641026,0.16333333333333333,0.24654088050314465,1200.0
2,train,recalibrated,16,0.6004618937644342,0.21666666666666667,0.31843233312921004,1200.0
2,train,recalibrated,17,0.5068603712671509,0.5233333333333333,0.5149651496514965,1200.0
2,train,recalibrated,18,0.9781696053736356,0.9708333333333333,0.9744876620660812,1200.0
2,train,recalibrated,19,0.7082953509571559,0.6475,0.6765346103613409,1200.0
2,validation,baseline,0,1.0,0.9125,0.954248366013072,160.0
2,validation,baseline,1,0.746031746031746,0.5875,0.6573426573426573,160.0
2,validation,baseline,2,0.6916666666666667,0.51875,0.5928571428571429,160.0
2,validation,baseline,3,0.6442953020134228,0.6,0.6213592233009708,160.0
2,validation,baseline,4,0.6159420289855072,0.53125,0.5704697986577181,160.0
2,validation,baseline,5,0.64375,0.64375,0.64375,160.0
2,validation,baseline,6,0.5642857142857143,0.49375,0.5266666666666666,160.0
2,validation,baseline,7,0.5060975609756098,0.51875,0.5123456790123457,160.0
2,validation,baseline,8,0.4520547945205479,0.61875,0.5224274406332454,160.0
2,validation,baseline,9,0.5989010989010989,0.68125,0.6374269005847953,160.0
2,validation,baseline,10,0.524390243902439,0.5375,0.5308641975308642,160.0
2,validation,baseline,11,0.5,0.55625,0.5266272189349113,160.0
2,validation,baseline,12,0.6259541984732825,0.5125,0.563573883161512,160.0
2,validation,baseline,13,0.593103448275862,0.5375,0.5639344262295082,160.0
2,validation,baseline,14,0.5414847161572053,0.775,0.6375321336760925,160.0
2,validation,baseline,15,0.6569767441860465,0.70625,0.6807228915662651,160.0
2,validation,baseline,16,0.7291666666666666,0.65625,0.6907894736842105,160.0
2,validation,baseline,17,0.7204968944099379,0.725,0.7227414330218068,160.0
2,validation,baseline,18,0.9671052631578947,0.91875,0.9423076923076923,160.0
2,validation,baseline,19,0.8166666666666667,0.91875,0.8647058823529412,160.0
2,validation,recalibrated,0,0.9692307692307692,0.7875,0.8689655172413793,160.0
2,validation,recalibrated,1,0.591304347826087,0.425,0.49454545454545457,160.0
2,validation,recalibrated,2,0.43478260869565216,0.1875,0.26200873362445415,160.0
2,validation,recalibrated,3,0.5206611570247934,0.39375,0.4483985765124555,160.0
2,validation,recalibrated,4,0.3581081081081081,0.33125,0.34415584415584416,160.0
2,validation,recalibrated,5,0.4624277456647399,0.5,0.4804804804804805,160.0
2,validation,recalibrated,6,0.36075949367088606,0.35625,0.3584905660377358,160.0
2,validation,recalibrated,7,0.3132530120481928,0.325,0.31901840490797545,160.0
2,validation,recalibrated,8,0.35019455252918286,0.5625,0.4316546762589928,160.0
2,validation,recalibrated,9,0.4218009478672986,0.55625,0.4797843665768194,160.0
2,validation,recalibrated,10,0.3706293706293706,0.33125,0.34983498349834985,160.0
2,validation,recalibrated,11,0.36464088397790057,0.4125,0.3870967741935484,160.0
2,validation,recalibrated,12,0.47619047619047616,0.3125,0.37735849056603776,160.0
2,validation,recalibrated,13,0.35526315789473684,0.3375,0.34615384615384615,160.0
2,validation,recalibrated,14,0.3448275862068966,0.6875,0.4592901878914405,160.0
2,validation,recalibrated,15,0.5063291139240507,0.5,0.5031446540880503,160.0
2,validation,recalibrated,16,0.5867768595041323,0.44375,0.505338078291815,160.0
2,validation,recalibrated,17,0.5105263157894737,0.60625,0.5542857142857143,160.0
2,validation,recalibrated,18,0.9635036496350365,0.825,0.8888888888888888,160.0
2,validation,recalibrated,19,0.7808219178082192,0.7125,0.7450980392156863,160.0
