seed,input,bn,run_dir,selected_epoch,split,group_id,accuracy,macro_f1
0,original,original_bn,results/experiments/paper_baseline_v1/resnext_s0,800,train,1,0.828,0.8264343598351385
0,original,original_bn,results/experiments/paper_baseline_v1/resnext_s0,800,train,2,0.86275,0.8617773375769244
0,original,original_bn,results/experiments/paper_baseline_v1/resnext_s0,800,train,5,0.826875,0.826585304182047
0,original,original_bn,results/experiments/paper_baseline_v1/resnext_s0,800,train,6,0.826875,0.8264419277054742
0,original,original_bn,results/experiments/paper_baseline_v1/resnext_s0,800,train,7,0.845,0.8453173200533811
0,original,original_bn,results/experiments/paper_baseline_v1/resnext_s0,800,train,8,0.82,0.8199393802349609
0,original,original_bn,results/experiments/paper_baseline_v1/resnext_s0,800,train,10,0.825,0.8245986096233813
0,original,original_bn,results/experiments/paper_baseline_v1/resnext_s0,800,validation,3,0.7,0.7013172930298281
0,original,original_bn,results/experiments/paper_baseline_v1/resnext_s0,800,validation,11,0.705,0.7054520357318723
0,original,calibrated_bn,results/experiments/paper_bn_recalibration_v1/resnext_s0,800,train,1,0.667875,0.6653853481829988
0,original,calibrated_bn,results/experiments/paper_bn_recalibration_v1/resnext_s0,800,train,2,0.602625,0.5960282464926994
0,original,calibrated_bn,results/experiments/paper_bn_recalibration_v1/resnext_s0,800,train,5,0.71,0.7093429962043034
0,original,calibrated_bn,results/experiments/paper_bn_recalibration_v1/resnext_s0,800,train,6,0.705625,0.7035613358148067
0,original,calibrated_bn,results/experiments/paper_bn_recalibration_v1/resnext_s0,800,train,7,0.7275,0.7267366736624502
0,original,calibrated_bn,results/experiments/paper_bn_recalibration_v1/resnext_s0,800,train,8,0.70125,0.700397413336944
0,original,calibrated_bn,results/experiments/paper_bn_recalibration_v1/resnext_s0,800,train,10,0.698125,0.6957702637957588
0,original,calibrated_bn,results/experiments/paper_bn_recalibration_v1/resnext_s0,800,validation,3,0.60625,0.6051361149481052
0,original,calibrated_bn,results/experiments/paper_bn_recalibration_v1/resnext_s0,800,validation,11,0.63,0.6282801197545684
0,dc_ac,original_bn,results/experiments/paper_dc_ac_v1/resnext_s0,1000,train,1,0.968,0.9677603152668348
0,dc_ac,original_bn,results/experiments/paper_dc_ac_v1/resnext_s0,1000,train,2,0.972375,0.9721902871651642
0,dc_ac,original_bn,results/experiments/paper_dc_ac_v1/resnext_s0,1000,train,5,0.988125,0.9881235827035335
0,dc_ac,original_bn,results/experiments/paper_dc_ac_v1/resnext_s0,1000,train,6,0.973125,0.9731770123188378
0,dc_ac,original_bn,results/experiments/paper_dc_ac_v1/resnext_s0,1000,train,7,0.983125,0.9831375318965525
0,dc_ac,original_bn,results/experiments/paper_dc_ac_v1/resnext_s0,1000,train,8,0.98125,0.981267784801236
0,dc_ac,original_bn,results/experiments/paper_dc_ac_v1/resnext_s0,1000,train,10,0.98,0.9800413822540177
0,dc_ac,original_bn,results/experiments/paper_dc_ac_v1/resnext_s0,1000,validation,3,0.778125,0.7787250142956508
0,dc_ac,original_bn,results/experiments/paper_dc_ac_v1/resnext_s0,1000,validation,11,0.759375,0.7587748406738333
0,dc_ac,calibrated_bn,results/experiments/paper_dc_ac_v1/bn/resnext_s0,1000,train,1,0.966875,0.9667774177285547
0,dc_ac,calibrated_bn,results/experiments/paper_dc_ac_v1/bn/resnext_s0,1000,train,2,0.973375,0.9732746123857255
0,dc_ac,calibrated_bn,results/experiments/paper_dc_ac_v1/bn/resnext_s0,1000,train,5,0.988125,0.9881236279269194
0,dc_ac,calibrated_bn,results/experiments/paper_dc_ac_v1/bn/resnext_s0,1000,train,6,0.975625,0.9756467827298205
0,dc_ac,calibrated_bn,results/experiments/paper_dc_ac_v1/bn/resnext_s0,1000,train,7,0.98125,0.9812503505100191
0,dc_ac,calibrated_bn,results/experiments/paper_dc_ac_v1/bn/resnext_s0,1000,train,8,0.983125,0.9831212636293076
0,dc_ac,calibrated_bn,results/experiments/paper_dc_ac_v1/bn/resnext_s0,1000,train,10,0.98125,0.9812731125603522
0,dc_ac,calibrated_bn,results/experiments/paper_dc_ac_v1/bn/resnext_s0,1000,validation,3,0.780625,0.7810661302642996
0,dc_ac,calibrated_bn,results/experiments/paper_dc_ac_v1/bn/resnext_s0,1000,validation,11,0.758125,0.7575166797357891
1,original,original_bn,results/experiments/paper_baseline_v1/resnext_s1,820,train,1,0.23625,0.2086482402093671
1,original,original_bn,results/experiments/paper_baseline_v1/resnext_s1,820,train,2,0.24625,0.21087391403737615
1,original,original_bn,results/experiments/paper_baseline_v1/resnext_s1,820,train,5,0.929375,0.9290665855154714
1,original,original_bn,results/experiments/paper_baseline_v1/resnext_s1,820,train,6,0.924375,0.9241772188130533
1,original,original_bn,results/experiments/paper_baseline_v1/resnext_s1,820,train,7,0.930625,0.9307761423562763
1,original,original_bn,results/experiments/paper_baseline_v1/resnext_s1,820,train,8,0.9275,0.9275339392770459
1,original,original_bn,results/experiments/paper_baseline_v1/resnext_s1,820,train,10,0.933125,0.9326551030008592
1,original,original_bn,results/experiments/paper_baseline_v1/resnext_s1,820,validation,3,0.82125,0.8210123907472028
1,original,original_bn,results/experiments/paper_baseline_v1/resnext_s1,820,validation,11,0.8175,0.8175200985928642
1,original,calibrated_bn,results/experiments/paper_bn_recalibration_v1/resnext_s1,820,train,1,0.206625,0.1699268302854587
1,original,calibrated_bn,results/experiments/paper_bn_recalibration_v1/resnext_s1,820,train,2,0.211875,0.17452319238826353
1,original,calibrated_bn,results/experiments/paper_bn_recalibration_v1/resnext_s1,820,train,5,0.76875,0.7683588662735892
1,original,calibrated_bn,results/experiments/paper_bn_recalibration_v1/resnext_s1,820,train,6,0.75125,0.7499186896340293
1,original,calibrated_bn,results/experiments/paper_bn_recalibration_v1/resnext_s1,820,train,7,0.74875,0.747493180853158
1,original,calibrated_bn,results/experiments/paper_bn_recalibration_v1/resnext_s1,820,train,8,0.7625,0.761423505585686
1,original,calibrated_bn,results/experiments/paper_bn_recalibration_v1/resnext_s1,820,train,10,0.750625,0.7488874329173016
1,original,calibrated_bn,results/experiments/paper_bn_recalibration_v1/resnext_s1,820,validation,3,0.679375,0.677591767367112
1,original,calibrated_bn,results/experiments/paper_bn_recalibration_v1/resnext_s1,820,validation,11,0.676875,0.6760437174403705
1,dc_ac,original_bn,results/experiments/paper_dc_ac_v1/resnext_s1,1000,train,1,0.952875,0.9527306479640432
1,dc_ac,original_bn,results/experiments/paper_dc_ac_v1/resnext_s1,1000,train,2,0.96325,0.9631724854735392
1,dc_ac,original_bn,results/experiments/paper_dc_ac_v1/resnext_s1,1000,train,5,0.974375,0.9744073511693745
1,dc_ac,original_bn,results/experiments/paper_dc_ac_v1/resnext_s1,1000,train,6,0.974375,0.9743522754212138
1,dc_ac,original_bn,results/experiments/paper_dc_ac_v1/resnext_s1,1000,train,7,0.98,0.9800172847309427
1,dc_ac,original_bn,results/experiments/paper_dc_ac_v1/resnext_s1,1000,train,8,0.979375,0.9793397532701382
1,dc_ac,original_bn,results/experiments/paper_dc_ac_v1/resnext_s1,1000,train,10,0.974375,0.9743379345953957
1,dc_ac,original_bn,results/experiments/paper_dc_ac_v1/resnext_s1,1000,validation,3,0.766875,0.7664494235163977
1,dc_ac,original_bn,results/experiments/paper_dc_ac_v1/resnext_s1,1000,validation,11,0.751875,0.7504948577564635
1,dc_ac,calibrated_bn,results/experiments/paper_dc_ac_v1/bn/resnext_s1,1000,train,1,0.94625,0.9460202893366763
1,dc_ac,calibrated_bn,results/experiments/paper_dc_ac_v1/bn/resnext_s1,1000,train,2,0.959625,0.95948726948135
1,dc_ac,calibrated_bn,results/experiments/paper_dc_ac_v1/bn/resnext_s1,1000,train,5,0.97875,0.9787646833333998
1,dc_ac,calibrated_bn,results/experiments/paper_dc_ac_v1/bn/resnext_s1,1000,train,6,0.979375,0.9793504996322833
1,dc_ac,calibrated_bn,results/experiments/paper_dc_ac_v1/bn/resnext_s1,1000,train,7,0.98125,0.9812360213758564
1,dc_ac,calibrated_bn,results/experiments/paper_dc_ac_v1/bn/resnext_s1,1000,train,8,0.981875,0.9818192746281852
1,dc_ac,calibrated_bn,results/experiments/paper_dc_ac_v1/bn/resnext_s1,1000,train,10,0.97625,0.976260449808476
1,dc_ac,calibrated_bn,results/experiments/paper_dc_ac_v1/bn/resnext_s1,1000,validation,3,0.769375,0.7691777323209317
1,dc_ac,calibrated_bn,results/experiments/paper_dc_ac_v1/bn/resnext_s1,1000,validation,11,0.74875,0.7477571736351514
2,original,original_bn,results/experiments/paper_baseline_v1/resnext_s2,770,train,1,0.4585,0.44103856348760617
2,original,original_bn,results/experiments/paper_baseline_v1/resnext_s2,770,train,2,0.438125,0.419245131022736
2,original,original_bn,results/experiments/paper_baseline_v1/resnext_s2,770,train,5,0.714375,0.7154142372130547
2,original,original_bn,results/experiments/paper_baseline_v1/resnext_s2,770,train,6,0.72,0.7199154056551053
2,original,original_bn,results/experiments/paper_baseline_v1/resnext_s2,770,train,7,0.725,0.7240796321408722
2,original,original_bn,results/experiments/paper_baseline_v1/resnext_s2,770,train,8,0.738125,0.7382929398521105
2,original,original_bn,results/experiments/paper_baseline_v1/resnext_s2,770,train,10,0.745625,0.7465191257824944
2,original,original_bn,results/experiments/paper_baseline_v1/resnext_s2,770,validation,3,0.6475,0.6485686540746727
2,original,original_bn,results/experiments/paper_baseline_v1/resnext_s2,770,validation,11,0.6475,0.6475315421597648
2,original,calibrated_bn,results/experiments/paper_bn_recalibration_v1/resnext_s2,770,train,1,0.23625,0.19381074011143137
2,original,calibrated_bn,results/experiments/paper_bn_recalibration_v1/resnext_s2,770,train,2,0.211625,0.17564687754745043
2,original,calibrated_bn,results/experiments/paper_bn_recalibration_v1/resnext_s2,770,train,5,0.488125,0.49206104226416275
2,original,calibrated_bn,results/experiments/paper_bn_recalibration_v1/resnext_s2,770,train,6,0.511875,0.5086678429395739
2,original,calibrated_bn,results/experiments/paper_bn_recalibration_v1/resnext_s2,770,train,7,0.505625,0.5054053632664133
2,original,calibrated_bn,results/experiments/paper_bn_recalibration_v1/resnext_s2,770,train,8,0.52,0.5183206847786599
2,original,calibrated_bn,results/experiments/paper_bn_recalibration_v1/resnext_s2,770,train,10,0.515,0.5160054952996587
2,original,calibrated_bn,results/experiments/paper_bn_recalibration_v1/resnext_s2,770,validation,3,0.484375,0.48506327260514565
2,original,calibrated_bn,results/experiments/paper_bn_recalibration_v1/resnext_s2,770,validation,11,0.475,0.4751367760038788
2,dc_ac,original_bn,results/experiments/paper_dc_ac_v1/resnext_s2,990,train,1,0.958,0.9580737368703943
2,dc_ac,original_bn,results/experiments/paper_dc_ac_v1/resnext_s2,990,train,2,0.968625,0.9685937827892573
2,dc_ac,original_bn,results/experiments/paper_dc_ac_v1/resnext_s2,990,train,5,0.949375,0.9493343809447558
2,dc_ac,original_bn,results/experiments/paper_dc_ac_v1/resnext_s2,990,train,6,0.944375,0.9442582409857503
2,dc_ac,original_bn,results/experiments/paper_dc_ac_v1/resnext_s2,990,train,7,0.93125,0.9314875903196228
2,dc_ac,original_bn,results/experiments/paper_dc_ac_v1/resnext_s2,990,train,8,0.93375,0.9336644749253515
2,dc_ac,original_bn,results/experiments/paper_dc_ac_v1/resnext_s2,990,train,10,0.941875,0.9417129552596041
2,dc_ac,original_bn,results/experiments/paper_dc_ac_v1/resnext_s2,990,validation,3,0.7425,0.7422030345210178
2,dc_ac,original_bn,results/experiments/paper_dc_ac_v1/resnext_s2,990,validation,11,0.715625,0.7141082304404774
2,dc_ac,calibrated_bn,results/experiments/paper_dc_ac_v1/bn/resnext_s2,990,train,1,0.9565,0.9564944775551918
2,dc_ac,calibrated_bn,results/experiments/paper_dc_ac_v1/bn/resnext_s2,990,train,2,0.963875,0.9638173802613282
2,dc_ac,calibrated_bn,results/experiments/paper_dc_ac_v1/bn/resnext_s2,990,train,5,0.945625,0.9457392404087838
2,dc_ac,calibrated_bn,results/experiments/paper_dc_ac_v1/bn/resnext_s2,990,train,6,0.944375,0.9442510393764476
2,dc_ac,calibrated_bn,results/experiments/paper_dc_ac_v1/bn/resnext_s2,990,train,7,0.9325,0.9326587297855401
2,dc_ac,calibrated_bn,results/experiments/paper_dc_ac_v1/bn/resnext_s2,990,train,8,0.925625,0.9252808860260957
2,dc_ac,calibrated_bn,results/experiments/paper_dc_ac_v1/bn/resnext_s2,990,train,10,0.93875,0.9385696400292132
2,dc_ac,calibrated_bn,results/experiments/paper_dc_ac_v1/bn/resnext_s2,990,validation,3,0.7425,0.7424489155334102
2,dc_ac,calibrated_bn,results/experiments/paper_dc_ac_v1/bn/resnext_s2,990,validation,11,0.71625,0.7149382451037765
