seed,input,bn,run_dir,selected_epoch,split,accuracy,macro_f1,delta_accuracy_vs_original
0,original,original_bn,results/experiments/paper_baseline_v1/resnext_s0,800,train,0.8398333333333333,0.8394159639371281,0.0
0,original,original_bn,results/experiments/paper_baseline_v1/resnext_s0,800,validation,0.7025,0.703465378259878,0.0
0,original,calibrated_bn,results/experiments/paper_bn_recalibration_v1/resnext_s0,800,train,0.6596666666666666,0.6574206850914591,-0.1801666666666667
0,original,calibrated_bn,results/experiments/paper_bn_recalibration_v1/resnext_s0,800,validation,0.618125,0.6168540646768573,-0.08437499999999998
0,dc_ac,original_bn,results/experiments/paper_dc_ac_v1/resnext_s0,1000,train,0.9738333333333333,0.9737379202629546,0.134
0,dc_ac,original_bn,results/experiments/paper_dc_ac_v1/resnext_s0,1000,validation,0.76875,0.7690649367426875,0.06625000000000003
0,dc_ac,calibrated_bn,results/experiments/paper_dc_ac_v1/bn/resnext_s0,1000,train,0.9740416666666667,0.9739967926252728,0.13420833333333337
0,dc_ac,calibrated_bn,results/experiments/paper_dc_ac_v1/bn/resnext_s0,1000,validation,0.769375,0.7695990283322776,0.06687500000000002
1,original,original_bn,results/experiments/paper_baseline_v1/resnext_s1,820,train,0.4705,0.4695095670177656,0.0
1,original,original_bn,results/experiments/paper_baseline_v1/resnext_s1,820,validation,0.819375,0.8192268691785826,0.0
1,original,calibrated_bn,results/experiments/paper_bn_recalibration_v1/resnext_s1,820,train,0.391625,0.39199723445279566,-0.07887499999999997
1,original,calibrated_bn,results/experiments/paper_bn_recalibration_v1/resnext_s1,820,validation,0.678125,0.6767325124803757,-0.14125
1,dc_ac,original_bn,results/experiments/paper_dc_ac_v1/resnext_s1,1000,train,0.9642083333333333,0.9641574055446563,0.49370833333333336
1,dc_ac,original_bn,results/experiments/paper_dc_ac_v1/resnext_s1,1000,validation,0.759375,0.7586205241685543,-0.05999999999999994
1,dc_ac,calibrated_bn,results/experiments/paper_dc_ac_v1/bn/resnext_s1,1000,train,0.9617916666666667,0.9617079091213251,0.49129166666666674
1,dc_ac,calibrated_bn,results/experiments/paper_dc_ac_v1/bn/resnext_s1,1000,validation,0.7590625,0.7587026347220431,-0.06031249999999999
2,original,original_bn,results/experiments/paper_baseline_v1/resnext_s2,770,train,0.54175,0.5353839187993126,0.0
2,original,original_bn,results/experiments/paper_baseline_v1/resnext_s2,770,validation,0.6475,0.6481346553767209,0.0
2,original,calibrated_bn,results/experiments/paper_bn_recalibration_v1/resnext_s2,770,train,0.31866666666666665,0.3139267267567594,-0.2230833333333333
2,original,calibrated_bn,results/experiments/paper_bn_recalibration_v1/resnext_s2,770,validation,0.4796875,0.4801996138707484,-0.16781249999999998
2,dc_ac,original_bn,results/experiments/paper_dc_ac_v1/resnext_s2,990,train,0.9555833333333333,0.955584190640864,0.4138333333333334
2,dc_ac,original_bn,results/experiments/paper_dc_ac_v1/resnext_s2,990,validation,0.7290625,0.7282827133741209,0.08156249999999998
2,dc_ac,calibrated_bn,results/experiments/paper_dc_ac_v1/bn/resnext_s2,990,train,0.9525833333333333,0.9525478239410354,0.4108333333333334
2,dc_ac,calibrated_bn,results/experiments/paper_dc_ac_v1/bn/resnext_s2,990,validation,0.729375,0.728845009866048,0.08187500000000003
