seed,split,group_id,accuracy,macro_f1
0,train,1,0.828,0.8264343598351385
0,train,2,0.86275,0.8617773375769244
0,train,5,0.826875,0.826585304182047
0,train,6,0.826875,0.8264419277054742
0,train,7,0.845,0.8453173200533811
0,train,8,0.82,0.8199393802349609
0,train,10,0.825,0.8245986096233813
0,validation,3,0.7,0.7013172930298281
0,validation,11,0.705,0.7054520357318723
1,train,1,0.23625,0.2086482402093671
1,train,2,0.24625,0.21087391403737615
1,train,5,0.929375,0.9290665855154714
1,train,6,0.924375,0.9241772188130533
1,train,7,0.930625,0.9307761423562763
1,train,8,0.9275,0.9275339392770459
1,train,10,0.933125,0.9326551030008592
1,validation,3,0.82125,0.8210123907472028
1,validation,11,0.8175,0.8175200985928642
2,train,1,0.4585,0.44103856348760617
2,train,2,0.438125,0.419245131022736
2,train,5,0.714375,0.7154142372130547
2,train,6,0.72,0.7199154056551053
2,train,7,0.725,0.7240796321408722
2,train,8,0.738125,0.7382929398521105
2,train,10,0.745625,0.7465191257824944
2,validation,3,0.6475,0.6485686540746727
2,validation,11,0.6475,0.6475315421597648
