seed,split,class_index,precision,recall,f1-score,support
0,train,0,0.9966749792186201,0.9991666666666666,0.997919267582189,1200.0
0,train,1,0.9157254561251086,0.8783333333333333,0.8966397277754147,1200.0
0,train,2,0.8277777777777777,0.8691666666666666,0.8479674796747968,1200.0
0,train,3,0.8383838383838383,0.83,0.8341708542713567,1200.0
0,train,4,0.8295638126009693,0.8558333333333333,0.8424938474159147,1200.0
0,train,5,0.9002770083102493,0.8125,0.8541392904073587,1200.0
0,train,6,0.7973856209150327,0.8133333333333334,0.8052805280528053,1200.0
0,train,7,0.8462882096069869,0.8075,0.8264392324093817,1200.0
0,train,8,0.8224121557454891,0.7216666666666667,0.7687527740790058,1200.0
0,train,9,0.76103500761035,0.8333333333333334,0.7955449482895783,1200.0
0,train,10,0.7842227378190255,0.845,0.8134777376654633,1200.0
0,train,11,0.7582755966127791,0.8208333333333333,0.7883153261304522,1200.0
0,train,12,0.7835455435847208,0.6666666666666666,0.720396217919856,1200.0
0,train,13,0.7771236333052985,0.77,0.7735454164922562,1200.0
0,train,14,0.753391859537111,0.7866666666666666,0.7696697920913168,1200.0
0,train,15,0.7855960264900662,0.7908333333333334,0.7882059800664452,1200.0
0,train,16,0.8990748528174937,0.8908333333333334,0.8949351192967769,1200.0
0,train,17,0.8604282315622522,0.9041666666666667,0.8817553839902479,1200.0
0,train,18,0.9500396510705789,0.9983333333333333,0.9735879723689557,1200.0
0,train,19,0.9280205655526992,0.9025,0.9150823827629911,1200.0
0,validation,0,0.968944099378882,0.975,0.9719626168224299,160.0
0,validation,1,0.6896551724137931,0.75,0.718562874251497,160.0
0,validation,2,0.726027397260274,0.6625,0.6928104575163399,160.0
0,validation,3,0.7253521126760564,0.64375,0.6821192052980133,160.0
0,validation,4,0.5763546798029556,0.73125,0.6446280991735537,160.0
0,validation,5,0.8625954198473282,0.70625,0.7766323024054983,160.0
0,validation,6,0.7175572519083969,0.5875,0.6460481099656358,160.0
0,validation,7,0.6058823529411764,0.64375,0.6242424242424243,160.0
0,validation,8,0.6621621621621622,0.6125,0.6363636363636364,160.0
0,validation,9,0.5977011494252874,0.65,0.6227544910179641,160.0
0,validation,10,0.5965909090909091,0.65625,0.625,160.0
0,validation,11,0.6666666666666666,0.625,0.6451612903225806,160.0
0,validation,12,0.6287425149700598,0.65625,0.6422018348623854,160.0
0,validation,13,0.6774193548387096,0.65625,0.6666666666666666,160.0
0,validation,14,0.5324074074074074,0.71875,0.6117021276595744,160.0
0,validation,15,0.7028985507246377,0.60625,0.6510067114093959,160.0
0,validation,16,0.8636363636363636,0.7125,0.7808219178082192,160.0
0,validation,17,0.7763975155279503,0.78125,0.778816199376947,160.0
0,validation,18,0.8333333333333334,0.96875,0.8959537572254336,160.0
0,validation,19,0.8129496402877698,0.70625,0.7558528428093646,160.0
1,train,0,0.4323922734026746,0.97,0.5981500513874615,1200.0
1,train,1,0.5286195286195287,0.3925,0.45050215208034433,1200.0
1,train,2,0.5155440414507773,0.33166666666666667,0.40365111561866124,1200.0
1,train,3,0.2732631578947368,0.5408333333333334,0.3630769230769231,1200.0
1,train,4,0.26995202791103357,0.5158333333333334,0.3544231319782422,1200.0
1,train,5,0.6519607843137255,0.3325,0.44039735099337746,1200.0
1,train,6,0.8065268065268065,0.28833333333333333,0.42480049109883367,1200.0
1,train,7,0.6825688073394496,0.31,0.42636103151862464,1200.0
1,train,8,0.3258620689655172,0.4725,0.38571428571428573,1200.0
1,train,9,0.6409836065573771,0.3258333333333333,0.4320441988950276,1200.0
1,train,10,0.39541984732824426,0.43166666666666664,0.4127490039840637,1200.0
1,train,11,0.3198976327575176,0.4166666666666667,0.3619254433586681,1200.0
1,train,12,0.44668008048289737,0.37,0.4047402005469462,1200.0
1,train,13,0.38059071729957805,0.37583333333333335,0.37819706498951783,1200.0
1,train,14,0.5834411384217335,0.37583333333333335,0.45717181956411557,1200.0
1,train,15,0.697560975609756,0.3575,0.4727272727272727,1200.0
1,train,16,0.6008658008658009,0.5783333333333334,0.589384288747346,1200.0
1,train,17,0.5077821011673151,0.435,0.46858168761220825,1200.0
1,train,18,0.8941088739746458,0.9991666666666666,0.9437229437229437,1200.0
1,train,19,0.6573816155988857,0.59,0.621870882740448,1200.0
1,validation,0,1.0,0.9875,0.9937106918238994,160.0
1,validation,1,0.9084507042253521,0.80625,0.8543046357615894,160.0
1,validation,2,0.8287671232876712,0.75625,0.7908496732026143,160.0
1,validation,3,0.7770700636942676,0.7625,0.7697160883280757,160.0
1,validation,4,0.7210526315789474,0.85625,0.7828571428571428,160.0
1,validation,5,0.8611111111111112,0.775,0.8157894736842105,160.0
1,validation,6,0.8145161290322581,0.63125,0.7112676056338029,160.0
1,validation,7,0.7071823204419889,0.8,0.750733137829912,160.0
1,validation,8,0.7371428571428571,0.80625,0.7701492537313432,160.0
1,validation,9,0.7804878048780488,0.8,0.7901234567901234,160.0
1,validation,10,0.7935483870967742,0.76875,0.780952380952381,160.0
1,validation,11,0.7267441860465116,0.78125,0.7530120481927711,160.0
1,validation,12,0.7619047619047619,0.8,0.7804878048780488,160.0
1,validation,13,0.821917808219178,0.75,0.7843137254901961,160.0
1,validation,14,0.782608695652174,0.7875,0.7850467289719626,160.0
1,validation,15,0.8012820512820513,0.78125,0.7911392405063291,160.0
1,validation,16,0.8192090395480226,0.90625,0.8605341246290801,160.0
1,validation,17,0.9112426035502958,0.9625,0.9361702127659575,160.0
1,validation,18,0.9746835443037974,0.9625,0.9685534591194969,160.0
1,validation,19,0.9235668789808917,0.90625,0.9148264984227129,160.0
2,train,0,0.9423701298701299,0.9675,0.9547697368421053,1200.0
2,train,1,0.45034519383961763,0.7066666666666667,0.5501135257865715,1200.0
2,train,2,0.5334207077326344,0.33916666666666667,0.41467142129393786,1200.0
2,train,3,0.4181536074476338,0.44916666666666666,0.433105664925673,1200.0
2,train,4,0.36145284124194493,0.5141666666666667,0.4244926040591675,1200.0
2,train,5,0.41500399042298486,0.43333333333333335,0.4239706481858948,1200.0
2,train,6,0.5080645161290323,0.315,0.3888888888888889,1200.0
2,train,7,0.44632086851628466,0.30833333333333335,0.36471168063085263,1200.0
2,train,8,0.37002881844380403,0.535,0.4374787052810903,1200.0
2,train,9,0.6355311355311355,0.2891666666666667,0.3974799541809851,1200.0
2,train,10,0.48065348237317285,0.4658333333333333,0.4731273804485823,1200.0
2,train,11,0.4253687315634218,0.6008333333333333,0.4981001727115717,1200.0
2,train,12,0.4263959390862944,0.28,0.3380281690140845,1200.0
2,train,13,0.48639825897714906,0.3725,0.42189712128362433,1200.0
2,train,14,0.44218942189421895,0.5991666666666666,0.5088464260438783,1200.0
2,train,15,0.5711135611907387,0.43166666666666664,0.49169435215946844,1200.0
2,train,16,0.580370942812983,0.6258333333333334,0.6022453889334403,1200.0
2,train,17,0.7465564738292011,0.6775,0.7103538663171691,1200.0
2,train,18,0.994142259414226,0.99,0.9920668058455114,1200.0
2,train,19,0.8346984363365599,0.9341666666666667,0.8816358631537554,1200.0
2,validation,0,1.0,0.9125,0.954248366013072,160.0
2,validation,1,0.746031746031746,0.5875,0.6573426573426573,160.0
2,validation,2,0.6916666666666667,0.51875,0.5928571428571429,160.0
2,validation,3,0.6442953020134228,0.6,0.6213592233009708,160.0
2,validation,4,0.6159420289855072,0.53125,0.5704697986577181,160.0
2,validation,5,0.64375,0.64375,0.64375,160.0
2,validation,6,0.5642857142857143,0.49375,0.5266666666666666,160.0
2,validation,7,0.5060975609756098,0.51875,0.5123456790123457,160.0
2,validation,8,0.4520547945205479,0.61875,0.5224274406332454,160.0
2,validation,9,0.5989010989010989,0.68125,0.6374269005847953,160.0
2,validation,10,0.524390243902439,0.5375,0.5308641975308642,160.0
2,validation,11,0.5,0.55625,0.5266272189349113,160.0
2,validation,12,0.6259541984732825,0.5125,0.563573883161512,160.0
2,validation,13,0.593103448275862,0.5375,0.5639344262295082,160.0
2,validation,14,0.5414847161572053,0.775,0.6375321336760925,160.0
2,validation,15,0.6569767441860465,0.70625,0.6807228915662651,160.0
2,validation,16,0.7291666666666666,0.65625,0.6907894736842105,160.0
2,validation,17,0.7204968944099379,0.725,0.7227414330218068,160.0
2,validation,18,0.9671052631578947,0.91875,0.9423076923076923,160.0
2,validation,19,0.8166666666666667,0.91875,0.8647058823529412,160.0
