train_row,wave_sha256,class_index,gpu_prediction,cpu_prediction
152,018eb6fa4a5139fa5089034cc83c75136945ee0caf2eca1f36b4590b630938c9,18,18,18
481,052c6add5a3bef2d5e991cc1e87851a085ccfc02bc6af3765463559b09d90566,6,6,6
527,05a7217bd40f5ca2575cc18028d68a770135a75702d2e464476996804950360d,16,16,16
1225,0d10c38d3e66199cdf5eecf17dc41984be8552b3a4fb32ce73199d71b00428f5,13,13,13
1405,0eedcc9036fa0284ab001c048dae9a893ecad6e8437a0bab34b9f8135a23be5a,3,3,3
1632,1172efb8e1dedfba073de43e8ececb8303006d4df4185e8d9f967af78fe089aa,17,17,17
2480,1a392cbece25441fbcc4c475718a6f35dbc67df2199a8a8be98a2f8e92c8dca0,1,1,1
3199,2216ad676fa692fc76253e08d54c8238339750b91579ae749e656aebd4cf16a0,0,0,0
3341,239950343578ae86e2cc161ea3f3c1e48da61a69e3b2e50c596eae6e5ec2c548,8,8,8
3387,2407449f357e5a1643ca3ce4a5c70142175755b2134e49a5876e92470dd0be77,15,15,15
5197,37eeff70acf0fd4d3099df8be6fb4e076f5072596af38aa43e85493d5dcbd88f,2,2,2
6336,443ef663fefbd018560795215a4c4e4468cb393286db3f4ee2e1dd4e69a14480,6,6,6
6504,461107e99a6875edc16484cab4c1147cd9b739d025b63d95838c33f6a1d40b68,12,12,12
8226,586047d37f2a68d803c9545d339abbadbe6ff77b70da5554ea45b159260a9efa,1,1,1
8250,58a92e554fee7ce57bf2e3495a320699ead399514faef805cc43a95e8d494313,15,15,15
8909,5f97feac06fd0fa78e7f74cb9d26d5d436b890750b3eb911dd0a860130f98aaf,10,10,10
11932,7fe6c6e47a807e5d9c18728a0084fd166ad06681be988949ece83303e5a1f62c,14,14,14
11958,8013ce575682e6a20529fd1b50a7c79947da0167a009e3da0eb1805fe35a9a3b,12,12,12
13338,8ebc09d141a21ddc16e69f8a4713aac36e112f5a919e9931eb70078f890c7dc6,11,11,11
13617,919a80f0f5606208dff6849f9b8b04535ec05d65e86066f368911dc4b6479e73,19,19,19
13618,919eaec834dd94761de9d73d7e22ad8395739572df4ab30803fd3a4d2d81f028,7,7,7
13931,94ab40640de7934ce815a0a1dceb67e212f8e96bbfca2d8f3c17609b123ef9da,4,4,4
14382,99d2ce610c6ab4f38a0eafccfbd26bb3439a974b97c6936df0a8e33f6adf6386,5,5,5
15460,a4d38baa7329064f36238d787929034c54156aa9fe85a9397d471d5874119993,19,19,19
16646,b10dba8dd8398cf1ae4cfe9b97b404bcf8d6a4547d320b43439148cad12c6b2e,10,10,10
16801,b29b7f7587ff527b4fd17ceb3f8c3fdada92cb9b578e15cc497ce47e365d3599,9,9,9
16986,b498910a105a69fda409012019b38dc0f3475cb4cff3929bfc994d1ec3191c6c,4,4,4
18416,c3dbca06aaf5bea13025cbef7c03816c00b0570fe21092e09622643f85a57721,17,17,17
18470,c46a7ca2b82a8f4cfe151806c51ddbc045fc5dcbaccea87b10e4de94f90926a9,2,2,2
20663,dc0bccb22dff59940cca809c4e01d813788fb64ff211de24e6e0ee68d7abc270,14,14,14
20741,dcd5de374b2f7ff7b3d1ff75a78aeed4142369fbb08b7bb0e6223508617e13b5,16,16,16
20960,df4e04743211393f30b85cc6262b362992e948398a354d7fac15573ec5d22e44,8,8,8
21117,e14fb9f09151802c8fd15348ba6f05e7a4354cc7059c6dee6b5bf5b38a80e508,9,9,9
21472,e5126d4ee1212d2ac44f9b9db6c92216f1e43f8d7721ff3a1e40a9c71555c9c6,7,7,7
21874,e96a9e1cf6917d8028772f3864b5a21cc4a7146693831214dd2f515c62ea2eb2,11,11,11
22111,ebdf227e43d390008941514ea70c258b79a8d55bdd9572d9f8d41e2bc7a56db2,3,3,3
22343,ee6450462807d7912954525698b11eaa4cc07a16824d861272e5e060485466d2,13,13,13
22698,f23d5d16253fe7035db4c0a3dd71616256c7dc806a86d62a2b03991c606ff3e0,5,5,5
22966,f50774e4edb90611d5e1b7ed8154128c204a128b9fca6afa58629be25d89e0b2,18,18,18
23645,fc2cd7e50d6ef288a0775503f1d3625e866c92fc4d8c2b0170bc16c9fadddd96,0,0,0
